AA,Mass,Volume,Isoelecticity,Carboxyl-dissociation,Amino-dissociation,Residue-dissociation,Hydropathy,Polar,Charge,acidic/basic,"Aromatic
or Aliphatic",Incorporation rate,Burial rate,Average-Accessibility
A,89.09404,67,6.01,2.35,9.87,0,1.8,FALSE,0,0,Neither,7.5,38,67
C,121.15404,86,5.05,1.92,10.7,8.18,2.5,FALSE,0,-2,Neither,1.8,47,104
D,133.10384,91,2.85,1.99,9.9,3.9,-3.5,TRUE,-1,-2,Neither,5.2,14.5,106
E,147.13074,109,3.15,2.1,9.47,4.07,-3.5,TRUE,-1,-2,Neither,6.3,20,138
F,165.19184,135,5.49,2.2,9.31,0,2.8,FALSE,0,0,Aromatic,3.9,48,175
G,75.06714,48,6.06,2.35,9.78,0,-0.4,FALSE,0,0,Neither,7.1,37,11
H,155.15634,118,7.6,1.8,9.33,6.04,-3.2,TRUE,1,1,Aromatic,2.2,19,151
I,131.17464,124,6.05,2.32,9.76,0,4.5,FALSE,0,0,Aliphatic,5.5,65,140
K,146.18934,135,9.6,2.16,9.06,10.54,-3.9,TRUE,1,2,Neither,5.8,4.2,167
L,131.17464,124,6.01,2.33,9.74,0,3.8,FALSE,0,0,Aliphatic,9.1,41,137
M,149.20784,124,5.74,2.13,9.28,0,1.9,FALSE,0,0,Neither,2.8,50,160
N,132.11904,96,5.41,2.14,8.72,0,-3.5,TRUE,0,0,Neither,4.6,10,113
P,115.13194,90,6.3,1.95,10.64,0,-1.6,FALSE,0,0,Neither,5.1,24,105
Q,146.14594,114,5.65,2.17,9.13,0,-3.5,TRUE,0,1,Neither,4.1,6.3,144
R,174.20274,148,10.76,1.82,8.99,12.48,-4.5,TRUE,1,3,Neither,5.2,0,196
S,105.09344,73,5.68,2.19,9.21,5.68,-0.8,TRUE,0,-1,Neither,7.4,24,80
T,119.12034,93,5.6,2.09,9.1,5.53,-0.7,TRUE,0,-1,Neither,6,25,102
V,117.14784,105,6,2.39,9.74,0,4.2,FALSE,0,0,Aliphatic,6.5,56,117
W,204.22844,163,5.89,2.46,9.41,5.885,-0.9,TRUE,0,1,Aromatic,1.3,23,217
Y,181.19124,141,5.64,2.2,9.21,10.46,-1.3,TRUE,0,-1,Aromatic,3.3,13,187
